x1,y1,x2,y2,x3,y3
6.467184256376665,4.352245343006227,5.371841576043871,4.426653591074948,4.314822439412536,4.650691412585214
5.642921935510386,3.6563089058093374,4.972273584690501,4.656839745222565,4.491638901318129,3.899102880533052
5.501086272606623,1.732991337305912,4.894057446840672,1.9995533265028314,4.979221730037415,2.2143862547069975
5.548571477321159,3.8681424258283896,5.725674220163542,3.425057667949204,7.029731841521917,3.716758433845107
5.3946712885845365,2.3915130793537935,3.8470752780856636,1.9195129496667054,4.7820971303754645,1.8957933094335075
5.150892438472974,2.263194395347149,5.004129481141284,2.06897403123366,4.001702373441056,1.6604604676567725
6.82160354687736,3.754398088849638,6.4045851225739705,5.24130095986244,6.793413514368121,4.0491471045061385
6.045341751752612,3.514451860252037,5.314028989198256,3.802509308096459,4.699714562886507,2.9958194965113307
5.511010102101002,2.9355224507231408,5.329416808936639,2.2013163005132137,5.418875129728642,3.064604362862336
4.95160386126172,3.8733500102526746,5.991181272038205,2.188230165428317,5.205069644880835,2.311945413780125
5.729522867538737,2.0867266116767373,3.89024357846611,3.173279440498714,4.4097969214455,3.666726538041147
4.8320688562547405,2.6519241531571534,4.240539075373702,3.1124442813436635,5.3852710160024095,2.307447705513574
6.829582288196436,2.367860110446022,5.119932111181572,3.347642215889043,4.443191642615394,4.083023190190037
3.1093535742678875,0.29258442348636393,2.7073724976839593,1.1021689147443108,2.4338867979949974,0.3891386708693674
5.1813285597730765,1.9840714116052793,4.696952052858462,2.1634156960552806,3.730696242484926,2.480697100088964
4.764727356301438,3.1590360935544863,4.522991933292679,3.4476917067602573,5.233092642246189,3.5865587722910344
3.7698838128743444,4.156819215051286,4.157582959301124,3.2826530021779563,3.3898690307984207,2.549687965739447
4.832864465573234,3.0281027671730376,3.9772205161461756,1.2852017000873224,2.9621162310329114,2.2202013739126776
4.108105300579696,1.9224414973617474,4.545848192374547,2.319664663657668,4.0848084016864545,3.410084027516883
4.3507201661868296,4.439800031623072,3.5921233072497754,2.9415642474879684,4.214408398807029,1.5590565403506287
6.444222528673487,3.488160856870003,6.333918276996447,2.9722490972851725,6.907637709239111,2.997449964807549
4.382996586508562,3.7126725730325663,4.940546475905315,5.109009260179558,4.872938965770235,2.324424855973076
5.02778606947276,2.4448733371933997,5.8306417067801215,2.78927088076257,5.059906907734914,2.213130608030918
5.7164925565400715,2.0761459466024017,3.6163962078391427,2.6823865504975353,4.55493607383805,3.714861910004942
6.000966628912941,2.0537451316338338,3.1771703470355215,3.02256700783206,3.1652170175772723,1.9874940071883314
5.426704748536133,2.826892541763091,5.423323054735394,2.559164887415158,5.038727206480959,1.4843986260697561
4.224707278338949,3.128295829919984,5.509882396183421,2.3295446102478916,4.809569873634472,1.9118761803610207
5.3590136742165795,4.394940097035565,6.2203531664106775,3.9092378363387335,5.932063095971741,4.7693615289275275
5.070367295241169,2.554530422132288,4.793930949062559,4.1358343939579765,4.516515975903524,2.2358246463575506
3.977580322985982,1.4596232658784989,4.12100835612318,1.2853408595009872,4.453540723510445,1.302317456770256
4.372904141500746,3.2852671585150985,5.01821491006955,3.4596649218408957,3.260697835108881,4.223060629944858
4.961727470054185,1.236633834766471,5.099794107735411,1.470901112627434,5.365532863141296,3.2323413757494697
5.309930440767669,3.2141622635011586,5.410960279424618,3.414402706075663,5.457595863326827,3.094262992267038
4.777359101493063,1.785109385969026,4.7004991604036634,1.3942184401689528,3.7261490201540495,1.0732024506411921
5.189232268632733,2.523959853060227,6.040018251795521,2.4765378304674672,5.687405331809874,4.097855310412603
5.404598855652311,1.3253814714865544,5.987597923484524,2.23023965220802,4.910553848077379,3.7228663501915538
4.165591986101456,2.967734324337066,5.149102350478393,3.118516416704569,5.025793672824681,3.133155760121875
2.456731009116301,1.6572214583746545,2.9074786658498715,2.330881609325595,3.5514084235350256,1.5620777273930122
4.249831220619076,2.2029770998459832,3.9684035946250606,2.1376343202031105,3.3118789380248543,2.793830163776155
5.97548150719811,0.42495654021498463,3.982989449208035,2.192035642566076,4.587782472279519,2.2941090493460847
6.864068759163082,3.7378666461969696,5.500939584687165,3.5295984031507666,5.843718176294428,3.886907249684368
4.752850386537827,3.7999560629577136,4.976926302476941,1.9973261108731837,5.113507823894918,3.115852321922694
5.781990869073268,4.606412979551582,5.062827669336731,3.6753392891619074,4.669951932879713,3.9460031570215888
4.758420637486932,3.3938778736694717,4.816546752837208,3.460141087944207,4.887040988937745,3.0274029964118063
3.8269327667901454,0.5177609550056024,3.3578866480842704,2.2903143246226145,4.40527365172635,2.121591395906246
5.2030370041130425,2.644936778639585,5.437058750244192,2.74823828295239,3.620177332189287,2.7424353849573793
5.199411163058884,2.386311355121765,4.714428337395693,2.1971154460242763,5.235874303354732,3.306419227413443
4.478871832765841,3.4895990674063975,5.392286275972189,2.7925641421668215,5.365582719622681,3.9392547491456273
6.42176508247864,3.955818148079499,5.49009529013055,4.316828011408819,5.71677662177741,3.005602374589632
4.8699449745640475,3.002091412700997,4.33744021342298,3.7336854335454337,4.9126616320790735,2.5987269146817717
4.726408617368733,3.085260000587956,5.559764199837056,2.114688771892811,4.346122013134421,2.581237997181762
5.047085230458506,2.6088758604774687,4.2807162722857806,1.6424749535056318,4.0004589767582,1.4248383135523253
4.92137874881202,2.76136046748355,4.144494040637745,4.434893443644222,4.384199250529295,3.905867511606165
5.636712414847733,2.7052349238431437,5.209273846235564,3.4333372804268762,4.902241133730814,4.8608176266382825
5.28145554267083,3.382228316597483,4.754926407712153,2.9220442384750673,6.376424555092202,2.1219386372169096
5.114597389030898,3.3727142674701316,5.04323562006125,3.407172231173967,5.004487243462753,3.066659536636527
4.392104476950998,3.1445778334151804,4.230312387727401,1.0484553107954604,3.81976083900204,2.361124145080996
5.721734552311641,1.9896975952160263,5.493258335872393,2.58223059386644,5.11159533127233,2.7975406780310887
5.66676452565804,4.546764341585843,5.699007864761455,3.9727834652256937,4.7437572219916495,3.540856167967866
5.386390123316767,2.871951225166613,5.677553263980404,3.533868805622817,5.510627469373642,2.442026649069031
5.281937002026973,2.9890600954132474,5.357760426042871,2.4852920541506505,4.984875426507572,3.0935447725138765
2.5912046198312675,3.5824904940366684,4.014300012846733,3.710516216725856,4.343139319564882,3.4569175594333608
5.144578078493463,1.196065372938552,4.444639365009666,2.1362370271002993,4.085372473791486,1.5545994689748746
2.7708843401210506,3.0929498793599004,3.789276452040615,2.542349057348931,3.756537746605314,3.093452706437223
5.278815322553433,4.5945875088102826,5.7294209270300565,3.60125422005233,4.647703019911113,4.483084359419477
5.053632104298661,3.0047767404922863,5.297232743868166,2.783099281627216,5.8796724382797505,3.028993229509901
3.9138477343170415,1.8055143101200684,3.183617951821876,1.015148494513494,5.362244282686542,1.4034383322548059
6.6311344584272325,3.1591361018750455,5.962416666307971,3.4001910995403666,5.889568054103836,3.626108992557216
4.878984256483831,0.7540607706419242,5.807040308052069,2.0880329763349605,5.567062543065061,2.2469661698509573
4.825619277160985,2.1400578535863852,5.123820023455185,2.337135476733548,5.102746302540679,3.1241717504530637
5.215440460752543,3.7729512331391377,5.916266237234208,3.345475340061429,4.721555797534329,3.1209243211100395
6.458258258304676,3.5407436470928593,6.782279097363149,3.4312357745542865,7.142889529993937,5.103331630575981
5.036379285471239,3.418463656303318,5.081780532914354,3.083483852413164,5.1133566598405835,3.3620775227262674
5.068856779718948,2.3308995185508596,5.742932033153096,2.906503492012291,6.892219920212662,3.326849908454414
3.9631918826948915,2.9538765482255043,3.090662924435906,4.384703631014371,2.9742996393227568,2.3485599042669794
5.180326486533607,1.9324715052886103,5.262909481612014,1.2259997299313454,6.4621944809828715,1.8657993746314505
3.8156674288389185,1.879729756024092,4.863000164042403,3.4759200883434698,5.51225914100954,2.7341978045716724
4.4482027259011625,4.2896580272348634,5.550046600878224,4.184145433502423,5.474266263521602,3.3366833366326687
6.2648403760823,1.5572912628810816,5.25259613870272,2.3171355634581885,5.286981950595901,1.735644998340629
4.28887915347017,2.3424013562023402,3.445411126534041,3.9533416205010927,3.5550081461641927,2.6151902460936842
4.567307970987454,3.286668041538274,4.786938245237526,3.3557743185241202,5.583195488830791,4.461050301003445
4.97057263660348,3.7947265312316025,5.6647174823107145,3.343074208434068,5.528704960154614,3.8770081582431772
5.777217790345155,3.0842745801405838,4.969121911069356,3.582666200811873,4.487522957915145,4.795062198218973
6.298609234057119,4.230365018165238,3.7653233733624627,5.179175389728851,3.855055865746749,3.615947280909222
4.739602839760011,3.16920019228694,4.246854856855061,3.632776746656136,4.387381603518256,3.082808225191157
4.99280338724368,3.5278018723361293,4.1027252821397635,2.8158613574339695,4.647337618821092,2.0680692845730038
6.465008245616925,3.1859274456933595,5.604338379403974,2.419205872462674,5.502060208803935,2.4342203110025475
5.42115710398299,2.311533995435357,5.154723642947661,2.4239359019678046,5.9117045557836105,1.988603647159689
4.421934140706511,2.650713242089108,4.195737870474449,2.603055569515319,3.222018265509396,3.7786023697118973
5.202207323911367,2.734908412481454,6.193981026046966,2.624991111316074,5.6896977827334885,2.5411589141949573
5.010673277012377,2.2192056750149645,5.118160159607372,3.5534742514077,4.063712116851096,3.868442576120696
5.648273704165149,0.715350891831755,5.498840714357804,2.07245950115548,5.933119870338164,3.0940306622866807
5.090666469195437,3.3909171559168962,5.10890538768369,3.2080651820380948,4.656949752057103,4.56382270769751
4.812193206027402,3.8086633847319065,4.208275820237196,3.34350702090555,4.892393003809113,2.190892329120241
5.311636354579953,1.5949401645250134,5.241273091526369,3.5151576670174833,4.366399889178144,4.3271498428560955
3.910966272220651,1.3739753650729605,3.7895413005949887,0.5816049697067325,4.447395780718282,2.3616782279842146
5.270192346198076,3.4370405446007375,5.702743521286417,2.7357302044165794,5.950058750875878,2.3702126526675404
3.584178142900236,4.150107491562936,4.306955642779527,2.884896161748215,5.327248114902332,3.091259174301905
5.736641559411708,2.7518487199195207,4.293738046889728,3.570210938441707,4.838166237403036,3.0809236810796863
5.112979787355791,2.5618724461623024,5.322319682720437,2.7159912418546535,5.265420047045745,2.952283577398734
4.807648568452432,2.812496257385694,4.452661049656956,1.9087478539624383,3.5606212770539054,2.2159455365580647
2.3885439715092973,3.399376077844097,3.6342012209810397,2.6537215053175527,4.950614537970514,1.8135811825311572
6.430799602255844,2.8850421279793985,4.661996217318875,3.116169599567448,5.677510707935161,4.53129202407025
4.326734209020728,2.8932320657352015,4.984262230638456,2.610228838626506,5.10617561839612,3.3381667605652625
5.773646255223807,2.8054161251054914,4.381487519468557,2.834127201707997,4.244032214068309,3.4778019490722714
4.4509108580697525,3.5048324008129583,5.904462516222582,3.803192495589264,5.61652864629516,3.746908858338058
6.810549254897428,3.2940277987573783,5.941743865193042,2.9360184916848735,5.391888366754384,2.5932299220974087
4.279472018443363,3.614052179279942,5.447381304201987,1.2544827406967078,5.404217705482465,2.694328821794938
4.681270104949291,2.281373905903224,4.872179150263475,2.56383695580703,5.439354454510214,1.3292267825121011
6.479112942057112,3.6696877146743216,5.738885422285963,4.8056144630962905,4.20340391624921,4.021305074146812
3.5043142286799935,2.487600453325335,3.249610619569087,3.019046070630141,2.882314474352633,2.7697774662945833
5.155386585729326,1.7068166940891754,4.748365536061707,1.9256840894859804,4.586881736068057,2.6797261140138002
5.738215331509721,3.8955495709889787,5.381502080819111,3.3845213031007093,4.992766511906759,3.191144784489454
7.120814989117783,3.1245715533805827,6.232580194742705,3.2237294211267895,5.8566097488097135,3.361646220089619
4.985682448768076,4.255740919224203,5.324284879508873,4.734136573189328,5.286517587185116,4.984882453743526
5.503051941606509,5.73756033327779,5.373918548483855,4.3942197088114625,5.592489742124369,4.011625746547916
6.89843422939695,3.2924900840586497,5.451211901463387,2.973094046335361,4.989734267441724,2.509213879894741
4.13583033603946,2.424989821096232,3.481272311601738,2.888275887353641,3.4975325388791223,2.7093876109597907
5.9608552075324885,3.3475074471578505,4.259676634550255,3.8847678294078953,5.996536591120217,4.233258632492592
6.366876639686832,4.316263543365253,5.801707005466079,4.672705867024044,6.793483389161749,4.358158038244832
6.43814310929652,2.893192836628091,7.28021028907233,3.3851284425767343,5.868914640621698,2.412599606544227
5.313053026091987,1.8139730224495454,4.946485270318904,3.2352863393998277,4.211649218097815,3.3441490989049596
6.492940195278617,5.355575854372818,6.234002515250662,4.967751254411822,6.40442834833596,3.575332096036828
3.1043003258610162,2.782088887284493,3.506471289200447,3.865364472780774,3.7325307857034877,3.4325582470446925
6.717545191501066,5.659950179787769,6.041098802245785,5.052772886557774,5.649970435399534,5.661955272672371
5.616242623652035,4.3239685157465,6.716073280733384,3.0649274056799123,6.972686733277477,2.800106786964889
4.548732944599744,1.7016918775221093,3.617090767401529,2.8305303769948083,3.0697979258439005,1.686819790886822
4.0001709092625735,3.751136731967332,5.244880365482951,3.361996430916762,5.682310535301757,3.471636664454947
5.018445278286955,3.1225973335758135,5.4917342029070655,2.811075233412219,5.201372090601418,2.1287574456074596
4.910576970361445,4.162517372239675,5.259714297030923,3.436719822968104,4.577778540478962,3.1793939196955767
4.171621370613925,1.829575275133542,4.312914711322946,1.774633090387126,4.030435450004984,1.9592637915341486
5.385530685752447,3.2646419088657788,5.059462259398177,4.067143003329453,5.047704514057364,3.600500681941222
5.547356415638645,2.0185490951945,4.970168866667799,2.69095771295804,3.455436370994029,2.5461448142361687
5.694342142655811,3.7335973628187906,5.919046712162548,3.3980286252207486,6.4779972286019785,3.5907899114906368
4.161077727803819,1.803118627176836,4.0452079771491825,2.9812684416674493,4.424389330053369,2.550286148792546
6.856223818142963,2.2266442680430796,5.923736124574304,3.211303758994132,6.401651082152929,2.8839935986804583
5.403299086504346,2.4556656345799834,4.683694680341817,3.2476520924455925,5.096427412360133,3.059452646559858
3.7924706865464333,3.2701485021158248,5.4601750417914765,3.4504064360275373,4.445415473018454,3.411889790188691
6.047382108038655,4.160774421629268,5.216876813839572,2.457934133118566,5.739846567116719,2.3677809864921624
4.69933317234495,0.9381238946065277,3.2980573274888703,1.8588392856343137,3.735712387598402,1.960789662201623
4.921171151534897,2.897515722875575,5.189569552959133,3.933829016575497,5.834742027829379,2.9012397399884566
7.015565378646995,5.588689323504829,6.445168650955951,4.832103092834159,4.853692624723529,4.540853867087001
3.7547172661811197,2.2179129440888357,3.933196426592094,1.7359250955710819,3.7509804186707165,1.5327062967176446
5.229704863749847,2.52463351561523,5.3600385841008515,1.8951211509761277,4.79664753329481,2.0960662667891423
5.0434604965468015,2.093598317017878,4.878972141987259,2.0139902514606334,5.210963548947187,2.1326138828376546
5.559739248309291,3.452649541039575,6.496329896489836,2.7438099074364457,6.0590895951632024,2.474075889362015
3.257114432869181,0.7992198534240893,2.8880287826440387,0.5501627722451949,3.275911375592356,0.7975843482250057
2.923639664765571,3.2938472620537067,3.3512575436318124,1.7256921470544828,3.3141135364043226,2.2903723714064332
6.640963146511806,3.9940276710925082,5.828573781204164,3.529803090173006,5.510776919428976,3.729030551700391
4.530320192608568,5.593319368134558,4.329452898016565,4.582894671077923,4.565556955383844,3.449595521755084
4.382231115677068,4.660752693159125,4.901454169498987,3.6725373261366134,5.519691640522704,4.2434415902933535
3.519801655764911,4.05783294431833,5.7616777768096625,4.528550547584931,5.2864418339078,4.4249554359007615
4.012813296743454,2.7561655743764986,4.406489884616433,2.877110208887007,2.7860097315843415,2.9328341190035063
4.104105753286704,2.1348402145127983,4.94107662588883,2.792190914652318,4.927456715286103,2.0012011945287735
6.518762859418173,4.917378322373808,4.88375357185366,4.530168456940343,4.468141872366452,4.653072925849623
5.307807678855649,2.5491869359882404,4.337045094783404,3.3485049126271824,3.5567653716046914,3.1484549594008557
5.75552188165915,3.7961474350641238,5.9359835639166665,2.964070906694625,5.347972434599316,3.400984620904356
7.133631688913699,4.205444498539491,5.8397502841401,4.272030675742256,5.717847930441958,2.31188922266249
4.951499941551422,1.8966605802160732,5.049912438004833,2.6812398790877823,5.2253213017182905,2.924565713725276
5.199722419236783,4.055080364770712,5.853028057772171,3.7097193365082815,5.850511642977337,4.699674765457336
2.3181982589420165,3.368356265164188,3.209044493189782,1.6254863782941236,3.5178406216663776,1.7255855494909906
7.38371328069231,2.85290942497276,6.234520083861767,2.6568990034326903,5.986000211624813,2.5259125440988583
4.699358931894306,1.6883725713161166,5.521829974498959,3.068199549701329,5.401158098808671,3.471190504482399
3.1092033795882887,1.9004487362210964,4.641777462545576,1.4743723968246312,3.936788591912646,2.3328713362637483
6.492419636078738,3.9470698128781017,7.023743951681697,3.621385093904511,5.49334652563573,4.041095649543252
7.240748573926967,3.190037011203807,5.262686543804388,2.6753307309757464,4.150021223779094,2.2897713327197557
6.682860366804557,2.3352929397096296,5.301236813837075,3.5699194556160427,5.324504008123328,3.662987501387839
6.778882383899651,4.162453400095921,5.647973570774174,3.7732824615289005,6.099704095352327,4.580662083601956
5.304031792130219,1.996028295566831,4.931431848514017,1.9280315643318293,4.891890069199161,1.435074668646857
5.155117131974004,3.828483308189459,5.022627471908997,4.000100937237924,4.479228036810549,3.8595466075081264
4.984482771091546,3.245175385793889,5.1232116188640555,3.0519857010455844,3.976003474112033,4.050575702803729
4.653885939699694,1.1769727313654568,4.4068291986735675,1.765353313108843,4.831487592823732,2.078982264244174
5.029389686571628,2.4539953260217966,4.732117576520412,2.842149379960696,4.1027884135808375,2.0719278343903125
5.188731880052033,2.158610523989548,5.204149604885189,2.344343938245124,5.611196887430314,3.217776647015704
4.590511888437673,3.5446353145103675,4.70549139996133,1.944416367297754,4.399707940958515,2.047917257288732
5.354488212831797,2.5649677492390115,6.726711032588694,1.5342107877698015,5.278579958866697,2.6521169961054296
3.654735872958226,3.311931971538167,3.7842540951358665,2.636958410552259,3.8063890295427014,2.2880222418043332
5.938802152574322,5.777152034597195,6.287274617147511,3.9745326274880197,5.709737809984275,4.334753544579522
4.0238673310126964,4.26742586277356,5.911439390332749,3.6469473466173774,5.755662974254341,4.401757579267985
6.021246962840117,4.369696015128423,6.591542449690781,4.320903742535289,7.060609201187385,4.49964853752477
5.581882464358286,3.974970882412981,5.4155659295518355,4.177954995225814,6.097195274249542,3.134689406555878
5.513591539584281,2.003207307411231,4.51669953277814,2.0025698216575774,4.745289089119867,1.797954161022641
4.985028536159072,1.587513977326644,4.254092004452716,2.0061163402475386,3.5436345113181673,2.326942071262394
4.081330207771688,3.721977507449148,5.823442744413178,3.7909986598232464,5.334247058859287,4.371428334036953
4.051873541015635,1.2452795068729428,3.137463375758143,1.9878212309844623,3.83351925412485,2.2342442169481243
6.252417296255038,4.6278427418049155,6.788167178374819,4.265328401134693,6.77279971355585,3.5369218396937003
4.545276422370834,2.649744091867145,4.185340995606393,3.073591845014764,4.277238634163504,4.356309253066603
4.769313241142569,2.9105451207386075,4.7592555663049945,1.8495964615259113,5.293305976145933,2.6100116730475174
4.847286076571758,3.356828476835067,4.3157047935243495,3.7182667286443625,5.00376512062598,4.05812224653726
3.164931378828986,2.5292374792883097,4.029267638570564,2.925504206387118,5.09264868472508,2.7155247269234986
4.771739938469853,3.0964951084653145,3.8242583000749004,2.1705817632307776,4.114189462323784,2.6807109378703413
4.532258760091867,3.6154145347337443,5.499628198100524,3.5748292388476526,5.933840931219139,4.357888452698687
4.668771505730172,3.1233326518514284,6.3246788360098325,2.5396576754246474,6.8883051165809075,3.367442481667694
4.383808402215638,1.8567690474199636,3.225308554710521,2.5681934298142077,3.4317916544135914,3.322964821274688
3.8468316612704925,3.5175777424660732,4.867897402160034,3.455961909837403,4.1301269004469425,3.9136392412848995
5.622101956178505,4.500276418563327,5.210918276129711,4.326153216744645,4.330627978175577,3.164366596376546
4.365589555517862,2.086064650990415,4.512079287679956,3.292953693502032,4.909154457306304,2.6848862043024972
5.549599537695588,1.7609396648298716,5.170364433208454,1.4194441267950024,3.8639907798724824,2.247006221964834
5.219877410163929,3.9859155427073722,4.771262291620203,4.0982388371697684,4.8150269638902765,4.251278406947941
5.29123313549764,2.6326845394451666,4.841587679467683,3.4931755848770987,4.805432240774218,2.752883667914975
5.350630754362124,3.0920958432293224,6.405189510664169,3.1428550403674,5.757667473351397,3.72328467996924
5.049024735557562,4.217029823849146,5.233652019169043,4.5461446211430045,5.708216617393449,4.889554945053012
5.855973872648521,3.4642388956351073,6.295508612466763,4.33083284102485,6.258877274412301,2.8995864167499974
6.172299859653542,3.4115138139590586,5.225253169705214,3.469503393612129,6.49312086237941,2.228465114073844
4.0747194986906,1.911693142643486,3.5226742720488216,1.8376430605876408,3.348425189395438,1.4988110592463812
4.37599582502252,2.842361083142257,4.607757326122347,3.6093894571239584,4.102699182746205,3.4317767109461093
4.798931336800657,2.950063692987446,6.163225143238347,2.576116117635241,5.16235586458275,2.2669030078768673
4.829329431597787,5.752607139926065,5.64190778688514,4.623466972249603,6.001057346166046,5.2035914565890815
4.2384491629744785,1.8250020483708247,4.820157247302506,1.5201157723008631,5.6770107025413505,1.981194760468389
9.096573438007857,4.586706398966662,7.999441788516705,6.280440034063918,8.19552268727104,5.709610590814602
4.404532769172189,4.212086694493758,4.483701220923915,2.951800731880898,5.778749702573291,2.2151016961038836
5.240571789889693,3.243115175778095,5.97686215679419,4.146800638663471,5.263768370059297,2.8194397079013847
5.093075421989884,1.268813528326022,5.764062982580995,2.6992180764698013,6.650854562516533,3.097674650926463
6.171913377469612,4.145405948288609,5.501192127938927,2.9386570294365413,6.304160787979114,2.0360504955395813
4.543351786118135,2.4388123941578317,4.3622589349915,2.923791792691838,5.1040764764367585,3.4291145545746344
6.5294721124842745,3.8551937305392276,5.979399495701713,2.7956055127594315,6.5649918854713825,3.560341752875691
3.920229850428605,3.0636320285642853,4.075190398049096,3.1722089786349943,3.4060230218635423,4.7985771174575
5.057422305061036,3.1596942883413766,4.884365967013701,3.61763265692535,4.626150507904999,4.582666577369714
3.991967873911822,3.179516884642732,5.8047295152938805,2.3265686472624667,4.519600622192377,2.589142554098418
6.773431199789136,2.6460994780966978,5.371673903320059,3.221518358521966,5.61856256114513,3.0459496090870464
5.670182261447846,4.40529619821183,6.18180598067277,5.1479396011998535,6.031609254339896,4.872330628131046
3.9407709333673986,1.112718804931779,3.3476006509490976,0.991795407048854,3.9945332295247553,2.191894433829216
5.987403638007838,3.022328198077654,6.167661025292325,2.049303002258544,6.451590965602871,1.4369611693778344
4.202138168128442,3.373801888707694,3.935520267706308,3.967850030832123,4.470498362879593,2.1452484677157604
4.52141756684523,2.188992148214787,4.12330218857854,3.868155616612912,4.815616532548008,2.7614141527412404
5.658408858090415,4.139528400066997,6.6542087232459455,3.5180173341496754,5.474215599000749,3.828359140943419
5.080045190950112,2.6047876104314094,5.842956955936307,3.5170623375777836,4.848799312120721,3.5964278535291694
4.127977054146695,3.477784589566662,3.947010971409163,3.8125175316523303,5.052956570521976,3.722769825539183
5.2703906969539505,2.719617744294467,3.654768898340592,2.184111803282075,4.677289840764295,1.5067887736901993
7.244136825527354,4.241423318321847,6.8313341997537655,3.18611971828682,5.921277946487755,1.7091054278496682
4.0427499297917375,2.6831060460601295,3.9173515160554992,3.479872689880268,4.159279156504117,3.4763767302543194
4.05567862904412,2.2092834028901143,5.255225641571881,3.251533018391921,4.081567104290993,2.236213623917381
4.961274649251666,3.245366112684832,3.82631995299474,3.5833757622844247,4.076085830974039,1.9657142179879676
6.607647226799383,1.5078458895278395,5.6621868267524365,1.4593030763323196,5.982560334063273,1.9178480320434832
5.857821208151943,5.007827335212889,5.67716883687957,5.655655588988639,5.678577178531209,5.106574955342049
6.755036759977862,2.2123816605098594,6.081632547356708,2.995627079200458,5.672327517666686,3.374938332328877
4.924560840600828,1.6018719999410798,3.867170335122319,2.1921755836493397,4.234401264250264,2.137031719933419
4.6876474269722035,2.800631263273254,4.297156840101191,3.5375730110464154,4.109960977042473,3.399061907366395
4.991935938010349,4.5279054775874705,4.543120536947356,4.996507448013366,4.83381428481706,3.914919819112351
6.8994206328601875,5.275464404255096,6.604583202792057,5.025314096315977,6.629567675913123,3.5848295363285874
4.1419332903071195,1.5345338279195906,4.405247590904756,1.7964493615992225,4.467492132411202,1.2367934603813522
4.756820202891281,2.0570386868931556,5.201214386049293,2.405122326738142,6.757139232090015,2.6110013711027644
4.888146364127405,2.8578961315162976,6.408158286221519,2.7749740116851584,4.664699638838874,3.1449974876897544
4.794223251364791,4.248171590172595,4.5633674498391485,3.8106326417399683,6.00226195207352,3.4106947618503223
3.6403704790081512,2.1486091624594925,4.86301107312342,1.0722775655817118,3.9943449244072813,1.853421133140222
3.786696921501531,2.6381734657514166,4.563321311330497,2.1798495279665873,5.1280985679995394,2.227908583265962
4.694805056794712,3.7259873036058564,4.25347160114956,3.328759808068871,4.865542160138891,1.6923593522452216
3.926690952351488,2.7189803451390837,3.619819086693715,1.6553623720740291,3.7265092882140207,2.087940648808785
6.4228466976293666,3.4026635955822098,6.201204146552176,3.556346190388739,6.408633840391824,4.194725220170324
4.038770680709766,3.0985838147811138,5.583187840846531,2.2286077928074066,4.248285647597855,1.4374810136022185
4.382085417737033,-0.15783516608319825,3.7958751403105087,2.4489659648514035,4.4495101992920985,1.7382327395378583
6.309326532225483,3.0525411737240975,6.830588310216602,3.7167663053087736,6.358802734797546,3.2478753435800085
4.890520823851678,2.6339701706660827,5.057818287685468,2.481520934637968,6.339041656648183,3.4920697055319896
6.02197093826386,2.5290416016724393,5.585569942818812,3.508580185353747,6.2437047954974165,3.5585494683013095
4.918576217810824,2.307543258236914,3.540989827320907,2.1242215422346846,4.072223623547296,1.4916054106660257
3.6933233340406595,5.508874149529613,4.7537404595022705,4.323472756299639,4.764729910460242,3.2165567073960113
7.224895713900798,3.629450831041698,6.803893789574742,4.024145676070606,5.6760240029761055,4.024451728098358
4.83984658155969,3.625516999012702,4.467083805770425,2.687220292370428,4.039635085056506,4.030031729428156
4.7466641150956335,3.930144738133368,3.772415831302699,2.264298290006202,5.504833465028423,2.4631913911404335
5.497628575274371,4.743239409212901,5.806017881270669,4.37382176022707,6.585554381067373,3.922260739580377
4.79781019991272,3.6421632627021205,4.943986003465229,3.1685001062898337,4.5118798782418,2.863859165826129
5.019136563886669,3.646074007023101,5.308205696601364,2.757013803196335,5.046592201216704,3.0095903653823437
3.1621176559087445,3.461954065058376,3.6109356519002613,4.021575204824607,2.545286281573099,3.231762364339567
3.5463897766025045,1.3022557361804736,3.22709888350986,1.7099291221741653,4.5387489384310165,2.657252090914198
4.95869095325365,3.4043151522798407,5.242451056488123,3.71433258733973,5.365202133662245,3.8334596043871314
2.995580175100621,1.466772754983817,4.401575209416252,2.26155151629976,5.391816488299797,2.229245943434609
6.053707063673184,5.287105036076146,5.309354233724284,4.037862448093299,5.438820700638254,2.986384669661387
3.2757749222557253,3.4212222491492152,3.9526479995355133,3.6840939344202295,3.7765448405477855,4.3737466134696765
4.103544905240298,2.568368040410984,4.227718351300103,2.101251969168357,4.636278426551597,2.6884225982369485
6.080392944268614,4.574416637680663,5.405445407414637,4.296036058066395,5.598011385912755,3.8974072012904957
6.881939398821696,3.9639787695443887,6.484643914976601,3.9470029555189226,6.024902425067672,4.606926459471885
4.482206990900134,3.5160090138952382,4.052158629575675,2.1919299978387348,3.493092752965772,1.8796035437161336
4.940364414770408,3.288432467299987,5.071916792081951,3.399974080241101,6.062383112067691,3.090031823083014
4.75403638295787,3.7428002053226876,4.975069459908243,2.6666800371082076,5.2921511247957165,2.850348057016495
5.283422104249781,2.435581480905096,3.8626433586599913,2.7022444846082427,3.5789922885179726,1.8011776903131262
5.436845962896213,1.163583375081306,4.547586712580271,1.7488767149798874,5.8333636964646844,2.244926553674796
6.994805418886784,2.143973315231565,6.030192555362303,2.6111756994391,6.10538430968015,1.6616654096669068
4.894502457504341,2.611783474024789,3.98052363070249,2.5348237535767573,4.4646403440385996,1.7824711821850796
5.202500752685038,2.6363288926726707,5.443224481054076,2.8627255124650626,5.197372309413741,1.7584587721270937
4.482987310834767,2.683606715729706,4.850556788915676,3.3219333996064035,5.111456521878627,3.229260099955375
5.1862948655017,2.021297700460422,3.907269825908644,3.3495706331700363,4.241265449057773,2.9412962364013255
5.341515603060297,2.36405466275335,5.0103872513165655,2.0024382669507936,5.281363965322905,2.0381255036456087
6.676698712652619,2.579448297029649,6.816057050651711,2.7851442344561548,4.880823174071484,2.964130662815111
4.898891004256873,3.541160793532579,3.865645103810849,2.6051070845358897,4.5298359833131085,2.0911904820538574
5.864331793853027,4.14838775223592,6.035736104703987,3.7155810026146883,5.363983009436607,4.182393295200863
2.5685521774880264,1.7991965059279533,3.4163729874957287,2.2445246005114754,4.362333805791829,2.3861177820525006
3.4247861349924547,3.1998612478269974,4.885990360253874,2.690676046484051,4.579867485681431,3.408913752510541
5.818215106069238,2.879693945334197,5.292557862700646,2.5841904931444923,5.114458314329604,2.6632116578576954
4.314001022475424,3.3115873351674177,4.61168114636811,2.726773120107299,4.595128824441179,2.978291016320328
2.841797861763598,2.8578389647717133,5.061692564358871,1.957695815912837,4.566394261436271,2.6937479269657203
5.165177308374679,1.6847901681379096,5.765892391758397,3.1385338631845814,5.971947479840788,3.6594460349404714
6.64929895968505,3.044083148485209,5.8543371898894545,2.9443746543895974,3.520892360446309,2.8822233816266793
4.582587940907137,2.828563400933438,4.617962601440495,2.669710563779909,5.319735420141372,3.0294789872134706
6.265514087476031,3.0683836496255457,5.391560629972612,2.2370331144390954,5.692445534089199,2.268154815847906
5.315374327013585,2.6468787984329603,4.796866837681533,2.5184447074206964,4.396103132449687,2.425729969758912
4.435851560764627,2.7877978882674577,4.714501909902464,2.6879767751437704,3.8244279486862642,3.0135185428027267
6.36498109919349,3.03588371555435,6.063050728973556,3.6687197854309086,6.82219391218077,3.3708032393849314
4.982890029262705,2.879634565287597,5.890879826959789,2.2190562046344455,4.6559267284374455,3.355857073098035
5.782917334444794,4.162298478150792,6.152568550718044,3.376043754752727,5.06324534521105,2.8153776038966027
5.69809843430334,3.2552730973082653,4.618656879618314,3.4626067143105446,5.910161362237877,2.5726988664994423
3.8852311294401103,4.793774578365279,5.118673236404329,3.759237649699932,4.905488484331591,2.690466645052731
5.401507151491339,2.4457811479489395,4.2398477617044845,4.2146164840178075,4.192756275645566,1.995035315279916
5.383137718229956,2.7524998144293615,5.165723606778719,3.338092447836516,5.548696016768603,2.5409084910679445
4.82266305820915,1.7252929055884256,5.21435474416262,1.8798507882072615,4.589474198406304,2.683082168073616
5.4145767590814184,1.289474964648403,6.095154979401658,2.3063358163267367,5.914949918432664,2.2350868438365863
4.363354782883318,1.5882525556724982,6.542351673128857,1.301804725860777,5.923955011051423,2.9166363890726204
5.9169103529472,3.794164297315363,6.297217938423576,3.599595262055171,6.337294742588917,3.6674587881281635
4.578604830499556,2.9126808594933205,4.53484050017567,2.1268669326867977,4.730753720037968,1.203289211233881
6.251684619484289,2.6799851971279187,5.7745436074630785,4.2449936235018,6.602162053644893,4.4866761848077
5.238223729600237,3.108498841577327,5.612390572400899,2.3345170088829756,5.075761891245578,2.9746508376071166
4.827601590744831,2.425239751026906,4.591248786105783,2.6226911554430665,4.033236755458328,2.1202156006482937
6.423356835751262,3.238167672819451,7.060149683184761,2.872760837168936,6.388934046219224,3.492107344168443
6.689957483505472,5.44685895536239,6.242950186961268,5.754151120533429,7.26852759698109,4.2220779220455915
6.015704990281937,4.1201326911995935,6.109597790083594,3.4920942514063724,5.136058314688761,3.569114525158403
5.922117260882734,3.8611997878605306,6.283650667254419,5.112353491156523,5.963351533411254,3.6836963428405736
3.965233703262803,1.4030613404170524,4.845870892697731,2.2331996960385543,5.231498459363634,1.0499818523485382
4.625276149446176,1.6774613784113486,5.466886252890635,3.0439043999879463,5.388628527475253,3.0611484718085817
4.5386335069008465,2.8498624571724163,4.252909031102216,3.4372012398161234,4.0362622694609485,3.2750669470840275
4.7393066850144825,2.993924425874054,4.72031683719674,3.2752942742882,5.7649211262194395,2.8819705565412685
4.7593228195542645,2.803994534289574,4.085472666184955,2.1777749655286174,5.841501657853391,2.335016784568764
5.1132171154125885,2.6185699440133843,5.329443059791267,2.531541800082274,5.2352347585574135,2.465257847771514
5.840364121291224,4.115394929381282,6.020320306913775,4.643015788157773,5.143647415468146,4.4827775424719505
4.370846499289296,3.913076849593372,4.65800681687655,4.001198035954341,3.553333055383655,4.073110931511661
6.853872408040783,2.9946303455673475,7.508126637807818,2.5738980800054843,6.7913831956278345,3.4984310612436538
4.3473673647983055,2.5155161412080234,4.328142641843217,2.3973637843373887,4.970336388713278,1.988407918906877
2.56969471796549,3.800617191450441,4.130233866427495,4.338537749482402,4.562939349212612,4.414562228237692
5.059209296395044,3.480762831209174,4.799368701956816,4.726801096639749,5.56190048457221,3.607797455849487
5.438893841196762,4.092111830392082,5.456634936485779,3.247496785427958,5.213961838738922,3.3265120201037237
4.469128077663623,2.8874593398833306,5.552049212319998,3.3683748910564364,4.876442051222556,3.8133528161479493
5.9197848404819595,3.0659298612820716,6.095547972883353,2.9074613078116704,6.115896158932254,3.3947342795009274
6.216027924882118,2.7556148614882594,5.267413020961924,1.5203819322497996,5.522186751829958,1.908328233747366
5.346931421317771,2.3213427071002415,4.649451169004054,1.782313502918626,3.4748743917830973,1.7536840686970288
4.882308893991442,3.1865564424471597,4.205489049773463,3.5649200440490363,5.923825271665246,3.260825477419737
5.718567711421484,2.532014194069743,4.703998454125763,2.3857159488811335,4.936343193179122,1.5002519806707713
5.801517779154115,2.8305310745517938,6.179001416275952,3.0453057115896818,6.62998959194379,2.7303164796665484
4.627391056054071,3.3782615761610453,5.204662632568845,2.9554663677465354,4.164025165506092,2.856586800169294
3.9314298314124905,2.726395310954538,4.438087610945663,4.435755621173,3.726595065260395,4.624672681931909
4.533054161652402,2.375350295599396,4.745328563087512,3.253835847203206,4.821537918089662,2.8015079053069147
4.978510563159954,3.7085354555668504,5.196139877842612,5.011831172171681,5.754355790698345,3.5233686891805016
4.7417257909376085,2.507809614165272,4.225125999850563,2.549377874682922,5.550390479042342,2.3936008871842485
4.55290490794339,2.5797146266091446,4.866856029304315,2.8483392039891866,5.005685348487157,2.4300506657013043
5.17301786416707,1.9847029829240201,5.198073974055076,2.1289184411686333,4.829030593037315,2.6600536294375714
5.521027135573187,1.9731251607579046,5.505706080381994,3.2190043451333694,4.776958808085742,3.291643021630433
5.597656797069282,3.126291657243427,4.626415365725317,2.5165083348180026,5.297196687190352,2.0655089765914383
5.429916494420233,3.0628930315593412,3.625343193690033,3.217385286551333,3.82032753819209,3.8282501431224474
3.974516581390423,2.5545481237392957,5.341030053863471,2.2934769298641378,6.030612922335288,3.5754519232630275
1.9432040530303092,3.6792379395123884,3.2379823558741254,2.3106509163967037,3.5377994771010544,3.102128653294007
4.762231286927831,3.2876278843431415,3.6174056964222245,3.3824467300621546,4.760195548124978,3.4637622966166832
3.4035860863909573,3.1414662924322476,4.701460368715198,2.0698196599219334,4.921347085423093,2.2177675374755004
4.67077467228756,2.948450813397111,4.612699036820587,2.358776500632458,4.6598354895518,1.6367453946575763
4.281544875071115,2.2179514842294004,5.495222722911073,2.1104639376597607,4.895603291753966,2.274433183579827
4.591165001800671,4.6033371185238,6.183514923704642,3.8929257132210555,5.979909893326755,3.7148473414335337
6.033531918805244,1.962839126331612,5.997217965120072,2.033333603662303,5.84374637211898,3.4895903667150847
5.495367157267719,4.392754772065333,4.3609653416111165,4.10145191028837,4.842816692098541,3.0472818331169993
4.525480333886742,4.646112730462354,5.695562427690703,4.747380875654415,4.978324041537637,4.003194579708133
2.2253956110376056,1.7701707788657655,3.7526551882898715,1.52687520218326,3.9182095600322824,1.9001137523348723
4.55004524620334,3.6080792985915893,4.801471689684728,2.331998062316706,4.9541999386671245,1.5801654710895194
5.11138215707794,2.981781598530632,4.9479994127059905,3.0305093522462005,3.543020215397503,3.5137445868682695
4.0427737372173596,3.0125725729736343,3.839866311505462,3.3812698773404453,5.1749406880591255,2.319213630731712
4.567626275336699,3.29848573142697,4.741375027801321,3.2911732706605994,3.959378362707265,3.0813430560221526
5.351294680630424,3.196078099318752,4.726128242281593,2.95072523587694,4.427398844246468,2.8309033647095045
6.536350438782675,3.2756587690803887,5.497642020279119,3.181447106775865,4.971093308622068,2.2334482511643463
5.019532190811522,4.525228045279907,4.134370319235128,3.4338487160785123,3.5421948713920006,3.630808935195156
4.502743052764015,2.819300128001398,5.5054508478630595,4.090525466374761,4.516065460287448,4.084117783745045
6.440357995529372,3.9173493771107797,5.549240747526962,3.575671805919814,5.182799399084973,2.8712218333739026
4.5923220112583385,1.2969583084498273,5.4018361595390605,2.024245190303238,6.005502292867329,2.1114664867764947
5.135021105659346,4.075988566541914,4.952736314474528,2.991334668301056,4.74130586467721,3.3334620616891875
4.262200313288699,4.10644552372791,3.895620212233231,2.831489938645605,4.725467682470832,3.918195162428039
4.713747468030974,2.5565400539236305,4.1611548931032,3.4351777865087065,5.037376276385622,3.3789221579409934
3.7510509800796523,3.606917868546729,4.93872975738433,4.468185845611505,4.761375726860796,4.76500068277988
4.878800274042521,2.0178464897054518,4.7494266006193255,2.233902928649488,4.790095794760377,1.827565302444419
6.717965587985689,2.5233842309818466,5.404645937576968,3.1241770476915103,4.712565084695615,2.9270417865884726
4.918279611111444,2.433881298570955,5.745591072562387,1.1895361494019663,6.581678332078177,1.5341245436475124
4.380640459958252,3.520915190980143,5.678863748342074,2.539907286769784,6.704427893707872,1.9049540906394284
7.684163982252976,4.781984673300453,7.687984937932384,4.206116855050165,5.922716545883576,3.6089421681741083
4.295397764256872,4.92471011973182,5.449200618692467,3.5721982942421207,4.108948008732108,4.600464825597794
5.075366254776542,2.545011022167893,5.166725637763247,2.2176325635387943,5.193001665912142,3.265036255473616
5.960263153933708,3.03106497399614,4.557181292493338,2.872350051899273,4.329355430449805,3.160743863168129
6.048369621462879,2.4098267352057734,5.937422643975044,3.4551938950769063,6.612602053456847,2.657226023485288
5.894998971088944,2.7854355109975963,4.931897427472848,3.3434465028172697,4.133536987767271,3.36101358903182
4.9545354075448715,4.994138117238868,4.112423759840209,3.1922335672700206,5.466793579443811,4.049304200459692
4.190096021672622,3.764157569180985,4.082905800122978,1.528461727435451,5.004014062939437,2.219416271007543
5.239119563595539,0.9754937334766965,4.089177828471197,1.561486980607008,3.753365984452839,0.8226366511033081
4.147399546420797,2.968510861330861,4.386312781262048,3.5022170073282126,5.183425842548137,2.8893631759095513
5.062283434519857,3.1223138566648507,4.663219532606526,1.577649619567826,4.955662783835407,2.66444701029763
5.3447097148585385,4.384791147763979,4.755628008069214,3.963977902782799,4.632510217270336,4.370984324671339
6.28062221456305,2.8222886867802672,5.316254241585665,3.1161268987537922,4.71952966328676,2.0576951876497267
7.5625285448326025,3.7803333748245964,6.184429713440274,4.563243200456997,6.489862262210206,3.6611242712248844
5.690900005982848,3.30796976412377,6.150236007532381,3.346147209343657,6.276626052804119,3.7433431920971425
3.993433144759371,3.4517440521652802,5.034762480482092,3.5992205702601314,4.831569397270935,4.079636728312166
4.739087444407443,3.6148715721494526,3.439344436779125,3.448903334472553,3.186041126867353,3.5351116785152192
4.802171124252869,3.481673944540406,4.624755887575915,2.118411741191708,4.443053835815465,3.310703473855159
5.686546553106849,2.8288144788750125,3.6087658345747045,3.775721377252128,3.981001488669049,2.8072377049852384
6.391249400964238,4.254900079175763,5.911622078442666,4.4619037123779295,6.14339942471516,3.1780215184125864
5.533350843455214,4.171409069510698,5.677264575211138,4.482014924312987,7.00061766090636,4.055990902475468
4.819321288218633,2.929005630411437,3.8017118615293115,5.514116067711013,3.9223899654971706,4.382244256160828
2.7231047980126286,2.0930952164943983,2.8933241047540186,0.8258980931452593,3.610779761250777,2.557812332365538
5.170419431107267,4.840801279221662,5.303986529884899,4.8637831689744075,6.843346231226973,4.2822242722388815
5.8801532346787075,4.132551992419589,5.399592177622145,3.790018258885613,6.44255325008939,4.045246985588189
5.340955995204307,2.7066900521750417,5.714965755486539,2.9657290594366095,5.5817794785283175,3.1549286720471885
3.0463718526983916,3.2207178283543008,3.283233999539214,2.677486696725711,4.000708177481644,2.243682778387534
5.0097596859541875,2.2871598627649554,4.775268329051825,2.283955307292769,4.940203929695838,2.424325861022413
5.952233913533126,3.9575818987315676,5.101006492679885,3.101016843299353,5.1624505977934145,4.059704685980757
5.608049064167373,4.079228079140514,5.086799207063075,4.156208090133195,5.045657197032736,3.337874570046423
5.481792318609183,2.8712948105908236,5.915200611456541,2.1406055155268824,5.193133684572062,3.8655814633637218
4.83055888178768,3.604032945863536,6.11236679355802,3.7128435572945047,4.189606476597747,3.2941935342810518
3.1152171660387085,0.553718243473341,2.943177259009363,1.013074965691527,4.149459231427424,2.1700519046907805
6.101401282049483,2.4965053447310357,5.623281791412739,2.62961356213097,5.0776794683013815,2.431780701481131
4.82606307112462,2.4742539746645655,5.350330712803285,2.834122682789492,4.941268440763709,3.6422736769750474
5.159440770677087,4.5923609017148035,4.628102458011988,5.236502336790066,6.482397470157052,4.153692408726763
6.560685728141469,4.450410265947385,6.516065394897124,3.318384111047886,5.436648374161648,2.4441239516466062
4.657734543234019,4.522905581409216,5.536760906560297,3.5551972715951923,4.490707824599527,3.3127869876707225
4.29083029815035,3.123131131621591,3.438572394210893,2.381955282035276,4.940177510660597,3.076020680155328
7.626375651249823,4.794334435478129,5.923573982489994,5.2284149208515345,5.529110464366699,4.141500843039313
4.7178052240816,1.6182863974384945,5.472645385102253,2.9609611841925334,4.95983260155353,2.16627542482268
5.218331526875403,2.4713035878801923,4.796517385677216,3.99570703107884,4.647521219243658,3.225483784279886
6.131416882783433,3.2774140957362157,6.335841247755791,3.62007620449295,6.622122797695024,3.806415661899045
5.2958460670956065,2.6557735172954224,5.275286208982347,3.4368721286343824,5.306611017820903,3.595916626997037
7.048282769974704,3.010378790824191,6.406580745510398,3.3467960641245433,5.254539968317915,3.8623821615403298
5.4535315420187755,2.7624130020748208,4.316609372186281,3.8652470854577756,4.617539972854312,3.212386807116483
6.873160410657097,2.7820009753239283,6.962589253117077,3.523704966055087,6.107870220564549,5.304231911085227
7.086744459558085,3.596788320102512,7.277643576855364,3.7536626448802384,6.610357838170715,3.516897468902954
4.5337629124303405,2.1344499319286045,4.471772831444763,2.5745733211277413,4.912334957147674,2.6062742998055146
5.008731931796843,3.11137483515944,5.4813127993117075,2.8381785249114166,5.859117236450064,1.8986792527676413
4.615915809492776,5.602175695509686,4.531234376981119,4.370363787836201,4.174115610180991,3.775470797798682
4.384956818771843,1.8296012289969186,5.684343211442734,2.259838047416202,6.468506390932706,2.2306406467399325
5.9695192815461855,0.30269366223694627,4.857643251078532,1.8966621046945549,4.571482550876365,2.8539915365037465
4.597669329421561,3.2376417585340778,5.143830897400504,3.3942470288026536,6.199203997090403,3.671815109617864
5.563894241926094,5.1905306959368165,6.494523443256256,5.494313700044636,6.411186634723579,4.070550673959624
3.5474317195926837,3.9116689864845924,3.737002523448986,3.3730466275035207,4.5743205239881375,2.751978360865136
4.417644399381238,1.269100128989126,4.436714252810012,2.5160294611177094,4.5706382399918475,2.7743946863098947
4.225127245599367,3.8123223580375365,3.216119710150474,3.3587355429154773,4.264913484184415,4.261450899308548
5.4997940065766056,1.6646509022706157,4.947960307756999,1.4949370797336206,5.084434796865778,2.4272947555350113
5.035817628202023,1.847097532113229,5.245014636542431,2.409639652837924,5.438018464029216,2.4931094979506288
5.917952565438091,5.905308315879237,6.46404668002509,4.930049511413205,7.709862172774849,4.229809508512666
5.277930306684483,1.522324375819232,4.717612937703601,3.2814997592297033,5.5685324651888575,3.074589566709193
5.941077980953067,3.160267479867183,6.031910213592202,2.6259419587066586,6.402141265215511,3.591360453259604
5.31980544006557,3.3161328954167466,4.97144340097113,3.109376995134295,3.574510451412525,2.333158673913812
4.200412253761993,3.418725634439893,3.7937020974943634,1.885911789155188,2.930840945686177,2.139088013314719
5.549018839612221,2.720497649720863,4.185298997397623,2.518329754466616,4.885433410173426,2.0250628239409316
5.799150829191445,2.612680699529503,6.514653726001439,3.1176604559949634,5.842613934651949,3.006029382344107
5.915892762322395,3.1987123811977214,6.04062202125429,3.2789552143152445,4.892731237682205,4.339767986017677
3.697607776935052,2.881817524757326,2.853173319947018,3.1371169018250047,3.498085126241367,2.344569097243965
3.9001504139763705,2.634748647504966,4.999017914919072,2.5570146244301277,5.856369535419697,1.3786437857661054
4.406621711048716,4.148675384336742,3.955600222519157,4.042991897160606,4.523467599944854,3.5018669637807136
4.947685269147564,2.2966462634599143,5.426184218544387,1.7368503904999297,4.643067087369158,2.877385544121302
4.833725426867988,2.514674598700803,5.351537293324212,2.2911900460859482,5.229918396674988,2.5732687322595122
4.811175364574926,2.2324869819086963,4.338655296240083,0.5245562572824614,3.598374458723952,1.992892360871144
5.630919615011223,3.6936351697365932,4.602347725749209,3.0995033029790244,4.442295828463671,2.711119673334955
4.275567796066583,2.7341639580616928,3.8431638348740145,1.7872130862504887,3.737555247756533,1.6491327350254543
5.20319104198795,1.4148947066750868,4.267765509458959,3.1684495603109055,4.5132988774719776,3.1397820695688936
7.030371580059057,4.555070250655205,5.729468466210736,4.519104415270305,5.079814758502734,3.346165699898105
4.502594311155974,1.179486388578198,4.218777680509248,1.9955894477795415,4.219762315314131,3.228303321791561
7.434179052206806,3.519661971956145,5.469328554161476,5.1105768315967595,5.211602045052034,4.722824303499226
5.081227383644527,2.2885900912993105,5.1022938662332145,2.1206716609445495,2.916525593027674,2.294417035188956
3.0363788100917053,4.492422482197711,5.079686219601018,4.559863537672689,6.0422301222745,3.471342898559068
5.527752044915436,1.4596352106595707,4.501567886597428,3.305328703576415,5.471860400391582,3.090027665179383
4.580257082212661,5.421915945573485,4.886980911038731,3.568582600578454,4.331574922661074,3.0568231905221728
5.644247689523169,3.99292855852065,5.348524030506518,4.237679164243357,5.007999887322527,4.255473974115877
4.700030556203773,3.0279590049076197,4.63303903173966,2.3199508677007046,3.5205463828772876,2.8731255071624218
6.264542805854453,4.029372251948233,6.381064037561065,3.5487896772986973,7.315793586812484,3.4778225432313152
4.045245897348717,4.0382770211556895,5.210728849669514,3.366297116936858,6.152340515580962,4.838943833556618
4.34297353857637,3.2899067167269482,4.811910625670459,2.655608741121786,4.662113920797432,2.882631535254894
4.469369574146515,4.0164676920701305,4.280489445421351,2.919149923776831,5.415943581467393,3.656860965217556
4.456951605372641,3.3513273388386327,5.370210911817264,3.7043758641573294,5.280824411275246,2.8484935729955816
5.316184003863232,3.8583955144372544,5.529704281498366,3.7235471012428896,4.2391233371241475,4.088302635798463
6.7658402935115225,2.651252227533776,5.349041498130707,3.173653264442175,5.213239656181677,3.093016769879362
5.845992620891498,4.224673331340237,5.629586471420769,4.014536133916753,5.58953812576064,3.1274552968596145
3.6719427470444828,2.6343032036675647,4.728245663828506,1.5075838928917336,4.19340261531463,3.6295405837820818
4.952609366124837,2.847014631997185,4.714095991797989,2.4274901129728987,4.574009626932887,2.8782080126352607
5.76476900131037,3.455439932768088,5.8096690041221155,2.119290961436417,4.924090096100813,2.634217066022951
2.900828861229585,-0.5666143098738075,4.307784148260342,0.9656489493685826,3.4928596277650343,1.016189803573681
3.832152523122679,3.4987898788475498,3.5143186100620953,2.2944143606904475,3.7412588222998338,2.9149526098660465
5.968562542994524,3.242620561799169,5.155078735420163,4.327696475662643,5.266058702281679,3.3908496987956847
5.523558748985106,3.293061634639863,6.143147910900579,3.75616837398453,5.785989823537234,3.6546225059083555
5.344299119385622,1.4682981851168404,5.3675773651380805,1.8271144456707678,4.22469521545124,1.9897452236533804
5.306831355252812,3.829701321508883,5.3709360205646295,3.943908427076583,6.132507640111911,3.53330684553442
5.553501063306098,2.41263112781115,6.304222468165525,1.4245706158117513,4.245885249726629,2.6169336790553714
6.4452228236769855,2.5089644546090115,6.046309643273379,3.1613645144560367,7.519813383953456,3.312021851224735
5.433735797745475,4.173741842388308,6.143309894200496,4.013183825790987,6.748156885186143,3.321772975702851
5.48836277222568,2.649383550539202,4.6037139112418375,3.438609133621857,4.638911230674847,4.2018051422263465
4.032855169906289,1.8171408510296856,5.107714299027385,3.308399145124535,3.0603517854571836,4.137962140750067
5.257058656806423,1.3561843223603498,5.4102620450657914,2.35387689194662,4.193581397900298,4.127903950100776
4.8227155966153745,3.732500236774547,4.690005124575475,3.3748377476614637,5.018026065493259,2.4003018124827813
4.650302258902497,3.495615751997022,4.309119536381423,1.9958954319396622,3.7051820212042967,2.6334635971714357
4.750495068780101,2.2176607242031228,4.805567185530727,1.4662160116057315,3.8844883451934784,0.5758119705933937
3.412706394683806,4.255815101053804,4.0617243096743545,3.6059322123095274,5.309342760051598,3.9138348869197865
2.8342693478853027,3.560818202772331,3.8550169462889894,3.116484729116252,4.520794232902071,2.7513532233139273
4.960474092894719,2.9447357917992374,5.753096889952665,2.442764492571325,5.345616513233555,4.243256234060969
6.627215112606361,3.6702434540681788,4.820194826329418,5.026882926809087,4.674829053318806,3.2510467383316155
4.552932634364411,3.762566880489861,4.949719691434961,4.157951002007409,4.940155683874437,2.4127380410907553
8.08252032575762,2.8963725914077942,6.326607020922523,3.142224353227873,6.122473390573247,2.30856364939163
4.602759736427421,3.8299031753440227,4.765534302812653,3.1396240922495826,5.304418016121909,1.7284417727785062
4.544742101627845,2.8560030584972798,5.3925690355829206,2.3541736785076375,4.384273479149113,2.908783959249083
7.299874816143061,3.213279987140697,5.724562891042487,2.630371109212214,6.225336863607712,1.5513029053281324
6.98211134110656,3.8760785302111995,6.475040464384208,3.564013854444412,6.949278811989836,3.3649200578046017
5.923130553280599,3.694358754696206,4.598128241055244,4.111242613157698,4.919838497822504,2.6362188078629734
5.833455909815989,2.6123874584487687,4.883089761439002,2.506184865518493,4.721052524685401,2.884646827949852
5.20631724327984,2.2203726462906457,5.087497330783196,2.6350834995434673,4.529944564759123,3.527194811780599
4.506061747685911,2.263647647131018,4.288889115497809,2.6587409328319223,3.864966661447257,3.0542371878703043
